{
    "gulp": {
        "javascript": [
            "JavaScript/*.js"
        ],
        "templates": [
            "Templates/*"
        ],
        "images": [
            "Images/*"
        ],
        "sass": [
            "Sass/**/*.scss"
        ],
        "ssp-libraries": [
            "SuiteScript/*.js"
        ],
        "autogenerated-services": {
            "Quote.Service.ss": "Quote.ServiceController"
        },
        "configuration": [
            "Configuration/*.json"
        ]
    }
}