{
    "gulp": {
        "javascript": [
            "JavaScript/*.js"
        ],
        "templates": [
            "Templates/*"
        ],
        "images": [
            "Images/*"
        ],
        "sass": [
            "Sass/**/*.scss"
        ],
        "ssp-libraries": [
            "SuiteScript/*.js"
        ],
        "unit-test-files": [
            "Tests/*.js"
        ],
        "unit-test-entry-point": [
            "Tests/UnitTest.CMSadapter.js"
        ],
        "configuration": [
            "Configuration/*.json"
        ],
        "autogenerated-services": {
            "DateEffectiveCategory.Service.ss": "DateEffectiveCategory.ServiceController"
        }
    }
}