{
    "gulp": {
        "javascript": [
            "JavaScript/*.js"
        ],
        "ssp-libraries": [
            "SuiteScript/*.js"
        ],
        "autogenerated-services": {
            "GoogleTagManager.Service.ss": "GoogleTagManager.ServiceController"
        },
        "unit-test-files": [
            "Tests/*.js"
        ],
        "unit-test-entry-point": [
            "Tests/UnitTest.GoogleTagManager.js"
        ],
        "configuration": [
            "Configuration/*.json"
        ]
    }
}