{
    "gulp": {
        "javascript": [
            "JavaScript/*.js"
        ],
        "templates": [
            "Templates/*"
        ],
        "sass": [
            "Sass/**/*.scss"
        ],
        "ssp-files": {
            "SuiteScript/shopping.ssp": "shopping.ssp",
            "Internals/index-local.ssp": "shopping-local.ssp",
            "SuiteScript/redirections.ssp": "redirections.ssp",
            "SuiteScript/searchApi.ssp": "searchApi.ssp",
            "SuiteScript/goToCart.ssp": "goToCart.ssp",
            "SuiteScript/logOut.ssp": "logOut.ssp",
            "SuiteScript/shopping.environment.ssp": "shopping.environment.ssp",
            "SuiteScript/shopping.environment.shortcache.ssp": "shopping.environment.shortcache.ssp"
        },
        "languages": [
            "Languages/*.js"
        ],
        "configuration": [
            "Configuration/*.json"
        ],
        "ssp-libraries": [
            "SuiteScript/*.js"
        ],
        "autogenerated-services": {
            "ShoppingUserEnvironment.Service.ss": "ShoppingUserEnvironment.ServiceController"
        }
    }
}