{
    "gulp": {
        "javascript": [
            "JavaScript/*"
        ],
        "templates": [
            "Templates/*"
        ],
        "images": [
            "Images/*"
        ],
        "ssp-libraries": [
            "SuiteScript/*.js"
        ],
        "autogenerated-services": {
            "TransactionHistory.Service.ss": "TransactionHistory.ServiceController"
        },
        "unit-test-files": [
            "Tests/*.js"
        ],
        "unit-test-entry-point": [
            "Tests/UnitTest.TransactionHistory.js"
        ],
        "sass": [
            "Sass/*.scss"
        ]
    }
}