{
    "gulp": {
        "javascript": [
            "JavaScript/*.js"
        ],
        "templates": [
            "Templates/*"
        ],
        "ssp-files": {
            "SuiteScript/checkout.ssp": "checkout.ssp",
            "SuiteScript/checkout.environment.shortcache.ssp": "checkout.environment.shortcache.ssp",
            "Internal/index-local.ssp": "checkout-local.ssp",
            "SuiteScript/threedsecure.ssp": "threedsecure.ssp"
        },
        "sass": [
            "Sass/**/*.scss"
        ],
        "languages": [
            "Languages/*.js"
        ],
        "images": [
            "Images/*"
        ],
        "configuration": [
            "Configuration/*.json"
        ],
        "ssp-libraries": [
            "SuiteScript/*.js"
        ],
        "autogenerated-services": {
            "CheckoutEnvironment.Service.ss": "CheckoutEnvironment.ServiceController"
        }
    }
}