{
    "gulp": {
        "javascript": [
            "JavaScript/*.js"
        ],
        "templates": [
            "Templates/*"
        ],
        "ssp-files": {
            "SuiteScript/download.ssp": "download.ssp",
            "SuiteScript/my_account.ssp": "my_account.ssp",
            "SuiteScript/myaccount.environment.shortcache.ssp": "myaccount.environment.shortcache.ssp",
            "SuiteScript/print-statement.ssp": "print-statement.ssp",
            "Internal/index-local.ssp": "my_account-local.ssp"
        },
        "sass": [
            "Sass/**/*.scss"
        ],
        "languages": [
            "Languages/*.js"
        ],
        "images": [
            "Images/*"
        ],
        "unit-test-files": [
            "Tests/*.js"
        ],
        "unit-test-entry-point": [
            "Tests/UnitTest.MyAccount.js"
        ],
        "ssp-libraries": [
            "SuiteScript/*.js"
        ],
        "autogenerated-services": {
            "MyAccountEnvironment.Service.ss": "MyAccountEnvironment.ServiceController"
        }
    }
}