{
    "gulp": {
        "javascript": [
            "JavaScript/*"
        ],
        "templates": [
            "Templates/*"
        ],
        "images": [
            "Images/*"
        ],
        "unit-test-files": [
            "Tests/*.js"
        ],
        "unit-test-entry-point": [
            "Tests/UnitTest.Invoice.js"
        ],
        "ssp-libraries": [
            "SuiteScript/*.js"
        ],
        "sass": [
            "Sass/**/*.scss"
        ],
        "autogenerated-services": {
            "Invoice.Service.ss": "Invoice.ServiceController"
        },
        "configuration": [
            "Configuration/*.json"
        ]
    }
}